mutant,tm,k,native,designed,position
A192S,39.082601386,-0.906303752348,A,S,192
A356A,39.8882663334,-1.12469843909,A,A,356
A357A,39.0945808844,-0.325209368963,A,A,357
A408A,39.9559313899,-1.26072882596,A,A,408
C167A,39.7356040061,-1.38844716383,C,A,167
C167Q,38.4715673459,-0.529353680945,C,Q,167
D403A,,,D,A,403
E154D,38.6991041626,-0.688685714066,E,D,154
E164A,,,E,A,164
E164G,,,E,G,164
E164R,,,E,R,164
E177A,37.3076552524,-0.486927539598,E,A,177
E177K,36.6497018276,-0.666760616287,E,K,177
E177L,39.2235031837,-0.520209618027,E,L,177
E222A,36.7438143275,-0.656627211321,E,A,222
E222H,34.7083119308,-0.636222686132,E,H,222
E222K,38.5268676068,-0.464966693259,E,K,222
E222Q,39.4216454171,-0.815421754422,E,Q,222
E222R,39.0865088396,-0.748890300695,E,R,222
E222Y,37.0411994142,-0.593382794374,E,Y,222
E353A,,,E,A,353
E406A,39.9343103502,-1.52471907153,E,A,406
E406D,40.5545992341,-0.926168195316,E,D,406
E426S,39.4592401737,-1.44948047182,E,S,426
F415A,,,F,A,415
F415N,,,F,N,415
F72H,38.6060137213,-0.415986653486,F,H,72
G355A,,,G,A,355
H101R,40.0217079636,-0.910847874369,H,R,101
H119A,40.1580448568,-1.02893121859,H,A,119
H119E,,,H,E,119
H119N,,,H,N,119
H178A,33.8411031023,-0.627960306149,H,A,178
H178R,,,H,R,178
H315E,,,H,E,315
H315N,,,H,N,315
H373R,39.082601386,-0.906303752348,H,R,373
H379R,,,H,R,379
H379T,,,H,T,379
I244E,37.7931288549,-0.872060887584,I,E,244
I244N,36.7509813466,-0.326099994627,I,N,244
I300N,37.6533745847,-0.316965376307,I,N,300
I91E,39.1995247348,-0.443905279683,I,E,91
K341A,39.9845891257,-1.70377259477,K,A,341
L171A,38.288357024,-0.480826713152,L,A,171
L171R,38.6991041626,-0.688685714066,L,R,171
L362M,39.8488592933,-0.613592474239,L,M,362
M221A,,,M,A,221
M261D,,,M,D,261
M323A,36.858347031,-0.701662792668,M,A,323
M323K,,,M,K,323
M358T,39.4891321038,-1.43599056184,M,T,358
N163A,40.8019296006,-0.377448770159,N,A,163
N163C,37.6986081101,-0.338414890687,N,C,163
N163D,38.258753607,-0.454263089994,N,D,163
N220A,38.6310570799,-0.656223216293,N,A,220
N220G,41.8736114442,-1.49476380429,N,G,220
N220H,39.458290739,-0.740277743106,N,H,220
N220R,39.4224948364,-0.679409263098,N,R,220
N220Y,41.630374052,-0.365824477564,N,Y,220
N293A,,,N,A,293
N293C,38.6673919082,-0.536787329452,N,C,293
N293D,,,N,D,293
N293Q,,,N,Q,293
N354A,40.5577928978,-0.335793746602,N,A,354
N404A,42.0057907135,-0.965897328473,N,A,404
N404C,42.5779608927,-1.29989873686,N,C,404
P329N,,,P,N,329
Q19A,,,Q,A,19
Q19C,,,Q,C,19
Q19S,36.4709729317,-0.502002062393,Q,S,19
Q313R,,,Q,R,313
R240A,39.8761145684,-1.04478615241,R,A,240
R240D,,,R,D,240
R240E,,,R,E,240
R240K,39.3142678187,-1.42340635452,R,K,240
R76A,,,R,A,76
S14A,40.0178687251,-1.56503560638,S,A,14
S16A,,,S,A,16
S16N,,,S,N,16
S17A,41.6490422225,-1.26554598943,S,A,17
S17E,39.4298915387,-0.75636537263,S,E,17
S298E,39.5668379071,-0.949263995515,S,E,298
S331A,38.9595714841,-0.454130765382,S,A,331
S400A,39.8068953916,-0.600616123955,S,A,400
T15A,38.6969225582,-0.457046373355,T,A,15
T175R,37.8269793601,-0.487971542787,T,R,175
T218A,40.0456532377,-1.1225308277,T,A,218
T296A,,,T,A,296
T352A,38.0270656134,-0.745703647536,T,A,352
V52G,39.2062985415,-1.00569274763,V,G,52
W120A,,,W,A,120
W120F,41.510526877,-0.46299769388,W,F,120
W120H,39.8883945381,-0.5742039856,W,H,120
W325A,40.1882422006,-0.362362981319,W,A,325
W325C,39.181841686,-0.888861379031,W,C,325
W325G,,,W,G,325
W325H,,,W,H,325
W325L,,,W,L,325
W325R,39.8737917782,-0.713239858187,W,R,325
W34A,,,W,A,34
W399A,,,W,A,399
W399C,,,W,C,399
W399G,,,W,G,399
W399R,,,W,R,399
W399S,,,W,S,399
W407A,,,W,A,407
W407G,,,W,G,407
W407Q,,,W,Q,407
W407R,,,W,R,407
W409Y,36.6149214884,-0.392452856146,W,Y,409
Y166P,,,Y,P,166
Y18A,37.1729031827,-0.346462475686,Y,A,18
Y294A,39.9997663953,-0.755361456548,Y,A,294
Y294F,,,Y,F,294
Y295A,,,Y,A,295
Y295G,,,Y,G,295
