,total_score,fa_rep,hbond_sc,tot_pstat_pm,tot_nlpstat_pm,tot_burunsat_pm,tot_hbond_pm,tot_NLconts_pm,tot_nlsurfaceE_pm,tot_total_charge,SR_1_total_score,SR_1_fa_rep,SR_1_hbond_sc,SR_1_hbond_pm,SR_1_burunsat_pm,SR_1_pstat_pm,SR_1_nlpstat_pm,SR_2_total_score,SR_2_fa_rep,SR_2_hbond_sc,SR_2_all_cst,SR_2_hbond_pm,SR_2_burunsat_pm,SR_2_pstat_pm,SR_2_nlpstat_pm,SR_3_total_score,SR_3_fa_rep,SR_3_hbond_sc,SR_3_hbond_pm,SR_3_burunsat_pm,SR_3_pstat_pm,SR_3_nlpstat_pm,SR_4_total_score,SR_4_fa_rep,SR_4_hbond_sc,SR_4_hbond_pm,SR_4_burunsat_pm,SR_4_pstat_pm,SR_4_nlpstat_pm,SR_5_total_score,SR_5_fa_rep,SR_5_hbond_sc,SR_5_all_cst,SR_5_interf_E_1_2,SR_5_dsasa_1_2,SR_5_hbond_pm,SR_5_burunsat_pm,tm
A195S,,,,,,,,,,,,,,,,,,,,,,,,,,,,,,,,,,,,,,,,,,,,,,,,39.08260139
A356A,-709.492,279.916,-71.126,0.705,0.696,144.8,438.4,150.0,0.748,-27.0,1.86,1.112,0.0,2.0,1.0,0.884,0.849,0.39,1.071,-0.578,0.0,4.2,1.0,0.724,0.756,1.86,1.112,0.0,2.0,1.0,0.884,0.849,-2.206,0.687,-0.546,2.0,0.0,0.848,0.853,-5.486,0.866,-3.373,0.0,-10.972,0.9,7.2,1.0,39.88826633
A357A,-710.328,279.605,-72.021,0.698,0.694,144.1,438.6,149.7,0.681,-27.0,1.905,1.148,0.0,2.0,1.0,0.818,0.851,0.145,1.069,-0.72,0.0,4.8,1.0,0.803,0.81,1.905,1.148,0.0,2.0,1.0,0.818,0.851,-2.121,0.703,-0.534,2.0,0.0,0.889,0.9,-5.773,0.85,-3.74,0.0,-11.54,0.901,7.8,1.0,39.09458089
A408A,-709.123,280.173,-72.015,0.694,0.697,144.4,439.2,150.0,0.67,-27.0,1.907,1.133,0.0,2.0,1.0,0.865,0.831,0.238,1.084,-0.692,0.0,4.7,1.0,0.803,0.768,1.907,1.133,0.0,2.0,1.0,0.865,0.831,-2.099,0.711,-0.536,2.0,0.0,0.909,0.894,-5.716,0.868,-3.706,0.0,-11.432,0.9,7.7,1.0,39.95593139
C167A,-711.924,278.999,-71.797,0.695,0.691,145.0,438.6,148.7,0.679,-27.0,1.882,1.117,0.0,2.0,1.0,0.822,0.824,0.206,1.051,-0.693,0.0,4.7,1.0,0.769,0.767,1.882,1.117,0.0,2.0,1.0,0.822,0.824,-2.147,0.7,-0.528,2.0,0.0,0.848,0.858,-5.65,0.881,-3.719,0.0,-11.299,0.894,7.7,1.0,39.735604
C167A,-711.924,278.999,-71.797,0.695,0.691,145.0,438.6,148.7,0.679,-27.0,1.882,1.117,0.0,2.0,1.0,0.822,0.824,0.206,1.051,-0.693,0.0,4.7,1.0,0.769,0.767,1.882,1.117,0.0,2.0,1.0,0.822,0.824,-2.147,0.7,-0.528,2.0,0.0,0.848,0.858,-5.65,0.881,-3.719,0.0,-11.299,0.894,7.7,1.0,
C167Q,-705.957,282.765,-70.579,0.697,0.696,147.5,437.9,149.5,0.728,-27.0,1.833,1.125,0.0,2.0,1.0,0.91,0.91,0.872,1.241,-0.44,0.0,4.1,1.0,0.817,0.822,1.833,1.125,0.0,2.0,1.0,0.91,0.91,-2.262,0.673,-0.556,2.0,0.0,0.87,0.855,-5.39,0.929,-3.154,0.0,-10.781,0.905,7.1,1.0,38.47156734
D403A,-705.581,278.654,-70.376,0.701,0.697,146.0,436.0,146.8,0.549,-26.0,1.935,1.164,0.0,2.0,1.0,0.873,0.869,0.217,1.086,-0.705,0.0,4.8,1.0,0.713,0.678,1.935,1.164,0.0,2.0,1.0,0.873,0.869,-2.068,0.719,-0.543,2.0,0.0,0.893,0.867,-5.717,0.871,-3.734,0.0,-11.435,0.901,7.8,1.0,
E154D,-709.904,279.866,-72.514,0.7,0.696,144.1,439.6,150.3,0.615,-27.0,1.953,1.165,0.0,2.0,1.0,0.812,0.813,0.108,1.082,-0.742,0.0,4.9,1.0,0.825,0.834,1.953,1.165,0.0,2.0,1.0,0.812,0.813,-2.117,0.674,-0.541,2.0,0.0,0.898,0.898,-5.868,0.839,-3.849,0.0,-11.737,0.902,7.9,1.0,38.69910415
E164A,,,,,,,,,,,,,,,,,,,,,,,,,,,,,,,,,,,,,,,,,,,,,,,,
E164G,,,,,,,,,,,,,,,,,,,,,,,,,,,,,,,,,,,,,,,,,,,,,,,,
E164R,,,,,,,,,,,,,,,,,,,,,,,,,,,,,,,,,,,,,,,,,,,,,,,,
E177A,-708.579,279.177,-70.141,0.702,0.699,145.0,437.4,148.8,0.671,-26.0,1.89,1.136,0.0,2.0,1.0,0.871,0.834,0.281,1.065,-0.629,0.0,4.5,1.0,0.72,0.683,1.89,1.136,0.0,2.0,1.0,0.871,0.834,-2.176,0.689,-0.538,2.0,0.0,0.898,0.905,-5.634,0.886,-3.58,0.0,-11.267,0.9,7.5,1.0,37.30765525
E177K,-710.36,279.47,-70.303,0.702,0.695,145.9,437.1,148.2,0.745,-25.0,1.865,1.083,0.0,2.0,1.0,0.843,0.866,0.377,1.046,-0.568,0.0,4.2,1.0,0.839,0.816,1.865,1.083,0.0,2.0,1.0,0.843,0.866,-2.203,0.674,-0.545,2.0,0.0,0.843,0.887,-5.537,0.859,-3.393,0.0,-11.072,0.903,7.2,1.0,36.64970183
E177L,-710.294,279.179,-70.71,0.705,0.695,145.8,437.3,149.3,0.722,-26.0,1.872,1.09,0.0,2.0,1.0,0.887,0.832,0.235,1.048,-0.63,0.0,4.5,1.0,0.795,0.773,1.872,1.09,0.0,2.0,1.0,0.887,0.832,-2.191,0.685,-0.54,2.0,0.0,0.853,0.841,-5.649,0.866,-3.597,0.0,-11.295,0.902,7.5,1.0,39.22350318
E222A,-707.692,278.144,-69.88,0.701,0.694,146.3,436.2,148.8,0.712,-26.0,1.944,1.123,0.0,2.0,1.0,0.806,0.877,0.212,1.065,-0.683,0.0,4.6,1.0,0.798,0.801,1.944,1.123,0.0,2.0,1.0,0.806,0.877,-2.17,0.702,-0.536,2.0,0.0,0.861,0.875,-5.707,0.848,-3.657,0.0,-11.414,0.904,7.6,1.0,36.74381433
E222H,-708.328,279.633,-69.325,0.699,0.696,149.6,436.3,149.9,0.717,-26.0,1.904,1.129,0.0,2.0,1.0,0.838,0.806,0.392,0.985,-0.627,0.0,4.4,1.0,0.782,0.728,1.904,1.129,0.0,2.0,1.0,0.838,0.806,-2.32,0.692,-0.547,2.0,1.0,0.854,0.804,-5.607,0.883,-3.579,0.0,-11.216,0.92,7.4,1.0,34.70831193
E222K,-712.193,278.363,-71.377,0.69,0.688,148.0,438.4,149.0,0.713,-25.0,1.979,1.171,0.0,2.0,1.0,0.766,0.771,0.133,1.04,-0.746,0.0,4.8,1.0,0.742,0.693,1.979,1.171,0.0,2.0,1.0,0.766,0.771,-2.131,0.754,-0.558,2.0,1.0,0.855,0.908,-6.589,0.899,-4.135,0.0,-13.183,0.959,8.8,1.0,38.52686761
E222Q,-709.774,278.009,-70.179,0.696,0.691,146.8,437.2,149.2,0.699,-26.0,1.896,1.133,0.0,2.0,1.0,0.851,0.853,0.312,0.981,-0.629,0.0,4.4,1.0,0.794,0.76,1.896,1.133,0.0,2.0,1.0,0.851,0.853,-2.158,0.676,-0.538,2.0,0.0,0.882,0.903,-5.595,0.844,-3.551,0.0,-11.191,0.917,7.4,1.0,39.42164542
E222R,-711.055,278.988,-72.447,0.697,0.69,149.2,438.4,148.5,0.715,-25.0,1.912,1.121,0.0,2.0,1.0,0.821,0.811,0.217,0.976,-0.68,0.0,4.5,1.0,0.871,0.859,1.912,1.121,0.0,2.0,1.0,0.821,0.811,-2.095,0.688,-0.555,2.0,1.0,0.876,0.858,-6.5,1.05,-4.163,0.0,-12.996,0.951,8.5,1.0,
E222Y,-707.98,280.403,-69.984,0.705,0.697,151.2,436.3,149.5,0.706,-26.0,1.859,1.118,0.0,2.0,1.0,0.833,0.828,0.446,0.993,-0.591,0.0,4.3,1.0,0.855,0.783,1.859,1.118,0.0,2.0,1.0,0.833,0.828,-2.353,0.738,-0.566,2.0,1.0,0.831,0.809,-5.421,0.901,-3.424,0.0,-10.844,0.929,7.3,1.0,
E353A,,,,,,,,,,,,,,,,,,,,,,,,,,,,,,,,,,,,,,,,,,,,,,,,
E406A,-706.585,277.67,-68.665,0.693,0.693,142.0,436.6,148.3,0.811,-26.0,1.795,1.066,0.0,2.0,1.0,0.887,0.901,0.371,1.05,-0.576,0.0,4.2,1.0,0.772,0.796,1.795,1.066,0.0,2.0,1.0,0.887,0.901,-2.197,0.63,-0.55,2.0,0.0,0.864,0.878,-4.375,0.789,-2.841,0.0,-8.752,0.898,6.2,1.0,39.93431035
E406D,-708.731,277.728,-69.268,0.697,0.691,142.6,437.2,147.6,0.718,-27.0,1.779,1.081,0.0,2.0,1.0,0.91,0.898,0.314,1.055,-0.623,0.0,4.5,1.0,0.794,0.787,1.779,1.081,0.0,2.0,1.0,0.91,0.898,-2.183,0.635,-0.547,2.0,0.0,0.859,0.859,-4.738,0.765,-3.042,0.0,-9.475,0.905,6.5,1.0,40.55459923
E423S,,,,,,,,,,,,,,,,,,,,,,,,,,,,,,,,,,,,,,,,,,,,,,,,39.45924017
F405A,-704.906,278.562,-71.488,0.688,0.685,144.5,437.9,148.2,0.677,-27.0,1.931,1.143,0.0,2.0,1.0,0.869,0.85,0.26,1.083,-0.66,0.0,4.6,1.0,0.752,0.731,1.931,1.143,0.0,2.0,1.0,0.869,0.85,-2.092,0.727,-0.521,2.0,0.0,0.796,0.841,-5.623,0.936,-3.631,0.0,-11.246,0.902,7.6,1.0,
F415A,-708.614,276.031,-71.611,0.696,0.688,138.7,438.7,148.3,0.812,-27.0,1.795,1.0,0.0,2.0,1.0,0.847,0.883,0.343,1.03,-0.63,0.0,4.3,1.0,0.793,0.783,1.795,1.0,0.0,2.0,1.0,0.847,0.883,-2.074,0.576,-0.568,2.0,0.0,0.798,0.814,-5.247,0.919,-3.465,0.0,-10.498,0.893,7.3,0.1,
F415N,-709.58,277.168,-72.4,0.696,0.692,144.3,439.7,148.1,0.678,-27.0,1.832,1.028,0.0,2.0,1.0,0.865,0.83,0.259,1.063,-0.641,0.0,4.5,1.0,0.736,0.747,1.832,1.028,0.0,2.0,1.0,0.865,0.83,-2.464,0.522,-0.575,2.0,0.0,0.905,0.876,-5.307,0.877,-3.639,0.0,-10.62,0.897,7.5,1.0,
F72H,-705.66,278.271,-72.12,0.699,0.693,147.4,438.8,147.3,0.706,-27.0,1.898,1.149,0.0,2.0,1.0,0.91,0.901,0.147,1.069,-0.733,0.0,4.8,1.0,0.833,0.827,1.898,1.149,0.0,2.0,1.0,0.91,0.901,-2.177,0.709,-0.538,2.0,0.0,0.876,0.834,-5.787,0.872,-3.802,0.0,-11.573,0.904,7.8,1.0,
G355A,-708.271,280.893,-71.78,0.701,0.696,145.6,438.2,148.8,0.662,-27.0,1.968,1.156,0.0,2.0,1.0,0.778,0.841,0.273,1.094,-0.651,0.0,4.7,1.0,0.749,0.76,1.968,1.156,0.0,2.0,1.0,0.778,0.841,-2.215,0.686,-0.532,2.0,0.0,0.841,0.871,-5.666,0.866,-3.632,0.0,-11.332,0.904,7.6,1.0,
H101R,-143.285,783.88,-71.754,0.699,0.698,145.7,439.1,148.8,0.662,-26.0,1.891,1.121,0.0,2.0,1.0,0.867,0.85,0.199,1.094,-0.683,0.0,4.8,1.0,0.723,0.726,1.891,1.121,0.0,2.0,1.0,0.867,0.85,-2.14,0.695,-0.533,2.0,0.0,0.873,0.887,-5.729,0.87,-3.743,0.0,-11.456,0.902,7.8,1.0,40.02170796
H119A,-712.727,278.04,-70.612,0.694,0.689,145.4,437.1,147.6,0.695,-27.0,1.874,1.125,0.0,2.0,1.0,0.783,0.816,0.372,1.034,-0.509,0.0,4.0,1.0,0.714,0.733,1.874,1.125,0.0,2.0,1.0,0.783,0.816,-2.156,0.751,-0.536,2.0,0.0,0.792,0.79,-5.433,0.919,-3.378,0.0,-10.865,0.899,7.0,1.0,40.15804486
H119E,-711.686,278.933,-73.262,0.701,0.699,145.0,439.9,148.9,0.662,-28.0,1.861,1.112,0.0,2.0,1.0,0.838,0.874,0.291,1.013,-0.501,0.0,4.1,1.0,0.749,0.783,1.861,1.112,0.0,2.0,1.0,0.838,0.874,-2.056,0.7,-0.538,2.0,0.0,0.883,0.89,-5.312,0.868,-3.407,0.0,-10.623,0.901,7.0,1.0,
H119N,-712.479,279.291,-72.463,0.703,0.691,148.4,438.6,150.4,0.724,-27.0,1.94,1.171,0.0,2.0,1.0,0.838,0.825,0.28,1.005,-0.489,0.0,4.0,1.0,0.819,0.818,1.94,1.171,0.0,2.0,1.0,0.838,0.825,-2.101,0.697,-0.543,2.0,0.0,0.785,0.823,-5.446,0.842,-3.393,0.0,-10.891,0.901,7.0,1.0,
H178A,-710.179,278.118,-71.701,0.694,0.69,142.4,438.3,147.2,0.626,-27.0,1.853,1.094,0.0,2.0,1.0,0.859,0.857,0.263,1.023,-0.619,0.0,4.4,1.0,0.791,0.785,1.853,1.094,0.0,2.0,1.0,0.859,0.857,-2.206,0.687,-0.549,2.0,0.0,0.868,0.863,-5.646,0.829,-3.583,0.0,-11.288,0.891,7.4,1.0,
H178R,-707.973,280.391,-71.503,0.701,0.692,143.7,439.4,150.4,0.681,-26.0,1.95,1.127,0.0,2.0,1.0,0.839,0.854,0.157,1.013,-0.649,0.0,4.6,1.0,0.717,0.791,1.95,1.127,0.0,2.0,1.0,0.839,0.854,-2.162,0.729,-0.557,2.0,0.0,0.895,0.894,-5.535,1.005,-3.716,0.0,-11.071,0.903,7.6,1.0,
H315E,-710.325,279.29,-71.695,0.707,0.697,145.1,438.3,149.4,0.604,-28.0,1.9,1.141,0.0,2.0,1.0,0.839,0.877,0.305,1.057,-0.597,0.0,4.4,1.0,0.772,0.784,1.9,1.141,0.0,2.0,1.0,0.839,0.877,-2.16,0.681,-0.547,2.0,0.0,0.895,0.914,-5.659,0.845,-3.54,0.0,-11.315,0.901,7.4,1.0,
H315N,-711.68,279.316,-71.745,0.704,0.696,145.4,438.0,147.8,0.653,-27.0,1.885,1.108,0.0,2.0,1.0,0.88,0.891,0.348,1.078,-0.63,0.0,4.4,1.0,0.781,0.84,1.885,1.108,0.0,2.0,1.0,0.88,0.891,-2.197,0.699,-0.538,2.0,0.0,0.878,0.841,-5.658,0.876,-3.568,0.0,-11.313,0.9,7.4,1.0,
H373R,-661.6,281.833,-72.244,0.702,0.695,144.8,441.7,149.7,0.814,-26.0,1.937,1.179,0.0,2.0,1.0,0.83,0.794,0.131,1.09,-0.722,0.0,4.9,1.0,0.795,0.798,1.937,1.179,0.0,2.0,1.0,0.83,0.794,-2.151,0.707,-0.536,2.0,0.0,0.903,0.876,-5.838,0.839,-3.828,0.0,-11.68,0.902,7.9,1.0,39.08260139
H379R,-707.883,279.475,-72.381,0.696,0.692,145.6,440.3,150.4,0.813,-26.0,1.946,1.14,0.0,2.0,1.0,0.885,0.863,0.151,1.039,-0.684,0.0,4.6,1.0,0.841,0.833,1.946,1.14,0.0,2.0,1.0,0.885,0.863,-2.224,0.827,-0.544,4.0,0.0,0.869,0.872,-5.731,0.879,-3.732,0.0,-11.463,0.901,7.6,1.0,
H379T,-708.329,279.448,-73.006,0.696,0.69,141.1,438.5,150.2,0.692,-27.0,1.857,1.159,0.0,2.0,1.0,0.896,0.875,0.181,1.028,-0.657,0.0,4.6,1.0,0.768,0.725,1.857,1.159,0.0,2.0,1.0,0.896,0.875,-2.07,0.686,-0.553,2.0,0.0,0.899,0.905,-5.622,0.84,-3.598,0.0,-11.245,0.9,7.5,1.0,
I244E,-709.298,279.048,-71.818,0.699,0.694,148.2,439.7,148.1,0.726,-28.0,1.863,1.115,0.0,2.0,1.0,0.799,0.814,0.235,1.016,-0.692,0.0,4.6,1.0,0.775,0.788,1.863,1.115,0.0,2.0,1.0,0.799,0.814,-2.152,0.687,-0.534,2.0,1.0,0.863,0.882,-5.493,0.876,-3.625,0.0,-10.984,0.923,7.6,1.0,37.79312885
I244N,-710.007,278.684,-72.856,0.699,0.695,146.3,440.7,149.6,0.706,-27.0,1.919,1.149,0.0,2.0,1.0,0.889,0.884,0.317,1.061,-0.714,0.0,4.7,1.0,0.724,0.742,1.919,1.149,0.0,2.0,1.0,0.889,0.884,-2.173,0.713,-0.527,2.0,0.0,0.893,0.904,-5.52,0.921,-3.655,0.0,-11.041,0.902,7.7,1.0,
I300N,-480.286,506.662,-72.455,0.698,0.693,144.7,440.4,149.3,0.736,-27.0,1.943,1.127,0.0,2.0,1.0,0.854,0.839,0.173,1.057,-0.706,0.0,4.7,1.0,0.659,0.705,1.943,1.127,0.0,2.0,1.0,0.854,0.839,-2.166,0.681,-0.539,2.0,0.1,0.913,0.896,-5.669,0.866,-3.682,0.0,-11.34,0.906,7.7,1.0,37.65337458
I91E,-708.719,279.932,-71.758,0.701,0.697,144.8,438.4,149.5,0.679,-28.0,1.873,1.131,0.0,2.0,1.0,0.823,0.847,0.181,1.079,-0.72,0.0,4.8,1.0,0.74,0.75,1.873,1.131,0.0,2.0,1.0,0.823,0.847,-2.175,0.699,-0.54,2.0,0.0,0.881,0.904,-5.66,0.867,-3.713,0.0,-11.317,0.904,7.8,1.0,39.19952473
K341A,-708.746,279.466,-71.349,0.702,0.697,145.7,437.7,149.1,0.671,-28.0,1.876,1.122,0.0,2.0,1.0,0.866,0.89,0.169,1.06,-0.688,0.0,4.7,1.0,0.822,0.825,1.876,1.122,0.0,2.0,1.0,0.866,0.89,-2.167,0.689,-0.546,2.0,0.0,0.824,0.802,-5.669,0.854,-3.68,0.0,-11.338,0.905,7.7,1.0,39.98458912
K413A,-708.846,279.085,-71.795,0.692,0.689,145.8,437.4,150.7,0.65,-28.0,1.914,1.135,0.0,2.0,1.0,0.871,0.853,0.27,1.081,-0.668,0.0,4.6,1.0,0.738,0.739,1.914,1.135,0.0,2.0,1.0,0.871,0.853,-2.098,0.684,-0.531,2.0,0.0,0.918,0.903,-5.579,0.929,-3.564,0.0,-11.161,0.902,7.6,1.0,
L171A,-707.586,279.396,-71.532,0.699,0.693,146.6,438.6,147.6,0.683,-27.0,1.851,1.107,0.0,2.0,1.0,0.84,0.847,0.323,1.122,-0.653,0.0,4.6,1.0,0.782,0.799,1.851,1.107,0.0,2.0,1.0,0.84,0.847,-2.142,0.699,-0.535,2.0,0.0,0.853,0.83,-5.773,0.873,-3.612,0.0,-11.545,0.89,7.6,1.0,38.28835703
L171R,-711.873,278.079,-71.323,0.696,0.693,146.1,440.6,149.9,0.748,-26.0,1.836,1.086,0.0,2.0,1.0,0.897,0.891,0.218,1.016,-0.612,0.0,4.3,1.0,0.857,0.816,1.836,1.086,0.0,2.0,1.0,0.897,0.891,-2.231,0.67,-0.553,2.0,0.0,0.845,0.865,-6.333,0.924,-3.65,0.0,-12.671,0.929,8.3,1.0,38.69910415
L219A,-706.316,279.238,-71.732,0.693,0.69,142.7,439.3,147.9,0.699,-27.0,1.852,1.091,0.0,2.0,1.0,0.738,0.789,0.266,1.057,-0.694,0.0,4.6,1.0,0.774,0.78,1.852,1.091,0.0,2.0,1.0,0.738,0.789,-2.181,0.697,-0.542,2.0,0.0,0.846,0.84,-5.594,0.886,-3.59,0.0,-11.187,0.902,7.6,1.0,
L362M,-565.608,341.308,-72.01,0.702,0.697,144.5,438.4,149.1,0.745,-27.0,1.915,1.128,0.0,2.0,1.0,0.805,0.861,0.305,1.068,-0.66,0.0,4.6,1.0,0.793,0.793,1.915,1.128,0.0,2.0,1.0,0.805,0.861,-2.174,0.714,-0.532,2.0,0.0,0.804,0.859,-5.739,0.868,-3.688,0.0,-11.477,0.903,7.6,1.0,39.8488593
M221A,-708.797,278.738,-72.549,0.7,0.696,142.9,438.9,150.1,0.704,-27.0,1.871,1.129,0.0,2.0,1.0,0.84,0.831,-0.006,0.998,-0.765,0.0,4.8,1.0,0.833,0.812,1.871,1.129,0.0,2.0,1.0,0.84,0.831,-2.146,0.701,-0.534,2.0,0.0,0.839,0.867,-5.815,0.839,-3.78,0.0,-11.626,0.902,7.8,1.0,
M261D,-706.665,279.393,-71.578,0.7,0.694,145.2,438.5,147.4,0.641,-28.0,1.838,1.093,0.0,2.0,1.0,0.77,0.758,0.266,1.058,-0.642,0.0,4.6,1.0,0.759,0.798,1.838,1.093,0.0,2.0,1.0,0.77,0.758,-2.192,0.685,-0.539,2.0,0.0,0.897,0.877,-5.659,0.856,-3.638,0.0,-11.319,0.902,7.6,1.0,
M323A,-709.803,277.923,-71.536,0.699,0.701,144.8,439.3,146.9,0.63,-27.0,1.82,1.039,0.0,2.0,1.0,0.837,0.859,0.2,1.068,-0.696,0.0,4.7,1.0,0.837,0.809,1.82,1.039,0.0,2.0,1.0,0.837,0.859,-2.203,0.611,-0.55,2.0,0.0,0.907,0.879,-5.636,0.956,-3.695,0.0,-11.272,0.896,7.7,0.0,36.85834703
M323K,-707.735,278.64,-71.167,0.7,0.701,146.8,438.7,147.4,0.723,-26.0,1.856,1.064,0.0,2.0,1.0,0.876,0.861,0.283,1.052,-0.654,0.0,4.5,1.0,0.797,0.765,1.856,1.064,0.0,2.0,1.0,0.876,0.861,-2.204,0.682,-0.554,2.0,0.0,0.869,0.881,-5.329,0.855,-3.534,0.0,-10.659,0.907,7.5,1.0,
M358T,-710.014,279.286,-72.088,0.704,0.698,145.5,440.0,148.8,0.646,-27.0,1.93,1.148,0.0,2.0,1.0,0.815,0.782,0.111,1.076,-0.745,0.0,4.9,1.0,0.825,0.826,1.93,1.148,0.0,2.0,1.0,0.815,0.782,-2.076,0.707,-0.545,2.0,0.0,0.854,0.86,-5.815,0.859,-3.859,0.0,-11.631,0.903,7.9,1.0,39.4891321
N163A,-712.369,277.787,-70.317,0.696,0.693,143.1,437.4,147.4,0.653,-27.0,1.915,1.11,0.0,2.0,1.0,0.862,0.863,0.556,1.008,-0.482,0.0,4.0,1.0,0.75,0.718,1.915,1.11,0.0,2.0,1.0,0.862,0.863,-2.21,0.682,-0.546,2.0,0.0,0.797,0.861,-5.555,0.904,-3.364,0.0,-11.108,0.901,7.0,1.0,40.8019296
N163C,-711.366,278.89,-70.571,0.693,0.693,143.5,437.0,147.8,0.657,-27.0,1.984,1.144,0.0,2.0,1.0,0.909,0.859,0.484,1.033,-0.479,0.0,4.0,1.0,0.788,0.748,1.984,1.144,0.0,2.0,1.0,0.909,0.859,-2.156,0.708,-0.546,2.0,0.0,0.896,0.888,-5.591,0.878,-3.347,0.0,-11.18,0.9,7.0,1.0,37.69860811
N163D,-713.696,278.372,-70.647,0.7,0.693,146.8,439.0,150.4,0.658,-28.0,1.822,1.097,0.0,2.0,1.0,0.85,0.808,0.754,1.119,-0.505,0.0,4.2,1.0,0.814,0.816,1.822,1.097,0.0,2.0,1.0,0.85,0.808,-2.142,0.693,-0.536,2.0,0.0,0.895,0.865,-4.983,0.905,-2.82,0.0,-9.968,0.902,6.0,1.0,38.25875361
N163D,-713.696,278.372,-70.647,0.7,0.693,146.8,439.0,150.4,0.658,-28.0,1.822,1.097,0.0,2.0,1.0,0.85,0.808,0.754,1.119,-0.505,0.0,4.2,1.0,0.814,0.816,1.822,1.097,0.0,2.0,1.0,0.85,0.808,-2.142,0.693,-0.536,2.0,0.0,0.895,0.865,-4.983,0.905,-2.82,0.0,-9.968,0.902,6.0,1.0,
N220A,-707.928,279.701,-70.498,0.704,0.691,144.4,436.7,148.5,0.754,-27.0,1.915,1.104,0.0,2.0,1.0,0.734,0.826,0.794,1.076,-0.232,0.0,3.3,1.0,0.754,0.767,1.915,1.104,0.0,2.0,1.0,0.734,0.826,-2.169,0.684,-0.548,2.0,0.0,0.886,0.858,-5.586,0.805,-3.46,0.0,-11.174,0.889,7.3,1.0,38.63105708
N220G,-708.393,278.668,-71.111,0.704,0.694,143.7,438.0,149.0,0.77,-27.0,2.048,1.228,0.0,2.0,1.0,0.83,0.777,0.455,0.832,-0.322,0.0,3.5,0.2,0.696,0.727,2.048,1.228,0.0,2.0,1.0,0.83,0.777,-2.15,0.712,-0.539,2.0,0.0,0.861,0.88,-5.667,0.76,-3.571,0.0,-11.336,0.885,7.5,1.0,41.8736114
N220H,-710.883,278.718,-70.966,0.697,0.696,148.9,437.1,148.7,0.761,-27.0,1.887,1.187,0.0,2.0,1.0,0.894,0.876,0.246,0.948,-0.376,0.0,3.8,1.0,0.762,0.774,1.887,1.187,0.0,2.0,1.0,0.894,0.876,-2.447,0.721,-0.535,2.0,1.0,0.913,0.911,-6.148,0.829,-3.831,0.0,-12.299,0.92,7.8,1.0,39.45829075
N220R,-710.92,280.495,-73.402,0.698,0.695,146.1,439.9,148.9,0.772,-26.0,1.971,1.177,0.0,2.0,1.0,0.819,0.849,0.569,1.214,-0.37,0.0,3.8,1.0,0.798,0.816,1.971,1.177,0.0,2.0,1.0,0.819,0.849,-2.174,0.718,-0.553,2.0,0.0,0.903,0.913,-6.734,0.889,-4.088,0.0,-13.47,0.955,8.8,1.0,39.42249484
N220Y,-712.177,280.095,-71.168,0.686,0.69,148.9,437.6,150.3,0.723,-27.0,1.933,1.115,0.0,2.0,1.0,0.864,0.824,0.596,1.018,-0.291,0.0,3.5,1.0,0.802,0.83,1.933,1.115,0.0,2.0,1.0,0.864,0.824,-2.41,0.77,-0.54,2.0,1.0,0.845,0.845,-6.094,0.81,-3.559,0.0,-12.188,0.933,7.5,1.0,41.63037405
N293A,-712.938,276.91,-71.025,0.699,0.689,143.5,436.9,149.0,0.689,-27.0,1.613,0.722,0.0,2.0,1.0,0.774,0.802,-0.147,0.776,-0.592,0.0,4.3,1.0,0.814,0.833,1.613,0.722,0.0,2.0,1.0,0.774,0.802,-2.087,0.683,-0.561,2.0,0.0,0.88,0.892,-5.804,0.914,-3.514,0.0,-11.606,0.904,7.3,1.0,
N293C,-710.413,277.674,-71.03,0.701,0.697,143.1,437.3,150.2,0.706,-27.0,1.616,0.78,0.0,2.0,1.0,0.905,0.851,-0.241,0.767,-0.655,0.0,4.5,1.0,0.771,0.772,1.616,0.78,0.0,2.0,1.0,0.905,0.851,-2.212,0.686,-0.568,2.0,0.0,0.921,0.922,-5.812,0.909,-3.616,0.0,-11.622,0.903,7.5,1.0,38.66739191
N293D,-710.488,277.816,-71.076,0.695,0.694,144.0,437.5,148.1,0.711,-28.0,2.065,1.043,0.0,2.0,1.0,0.872,0.847,0.156,0.869,-0.559,0.0,4.2,1.0,0.723,0.746,2.065,1.043,0.0,2.0,1.0,0.872,0.847,-2.105,0.719,-0.541,2.0,0.0,0.906,0.902,-5.761,0.879,-3.485,0.0,-11.521,0.903,7.2,1.0,
N293Q,-708.77,280.985,-73.199,0.695,0.693,144.8,438.7,148.5,0.794,-27.0,1.77,1.044,0.0,1.7,1.3,0.892,0.889,0.456,1.207,-0.776,0.0,4.9,1.0,0.735,0.672,1.77,1.044,0.0,1.7,1.3,0.892,0.889,-2.211,0.706,-0.539,2.0,0.0,0.892,0.89,-5.769,0.878,-3.898,0.0,-11.538,0.898,7.9,1.0,
N354A,-708.077,279.264,-70.292,0.688,0.687,145.8,437.1,147.4,0.778,-27.0,2.233,1.106,0.0,2.0,1.0,0.872,0.886,0.15,1.057,-0.695,0.0,4.7,1.0,0.793,0.802,2.233,1.106,0.0,2.0,1.0,0.872,0.886,-2.206,0.682,-0.537,2.0,0.0,0.925,0.92,-5.772,0.884,-3.75,0.0,-11.543,0.903,7.7,1.0,40.5577929
N404A,-709.502,279.151,-71.428,0.698,0.695,145.3,436.9,149.2,0.725,-27.0,1.86,1.088,0.0,2.0,1.0,0.851,0.83,0.289,1.064,-0.625,0.0,4.4,1.0,0.859,0.843,1.86,1.088,0.0,2.0,1.0,0.851,0.83,-2.233,0.69,-0.548,2.0,0.0,0.886,0.875,-5.639,0.848,-3.515,0.0,-11.28,0.901,7.4,1.0,42.00579072
N404C,-709.53,279.745,-71.38,0.695,0.697,146.1,436.4,150.1,0.751,-27.0,1.831,1.082,0.0,2.0,1.0,0.907,0.877,0.296,1.049,-0.616,0.0,4.4,1.0,0.824,0.815,1.831,1.082,0.0,2.0,1.0,0.907,0.877,-2.202,0.685,-0.551,2.0,0.0,0.857,0.859,-5.627,0.87,-3.532,0.0,-11.254,0.9,7.4,1.0,42.5779609
P329N,-707.049,278.631,-71.787,0.7,0.693,144.3,438.6,148.6,0.902,-27.0,1.886,1.115,0.0,2.0,1.0,0.854,0.864,0.235,1.077,-0.661,0.0,4.5,1.0,0.718,0.723,1.886,1.115,0.0,2.0,1.0,0.854,0.864,-2.243,0.713,-0.537,2.0,0.0,0.839,0.859,-5.696,0.888,-3.63,0.0,-11.395,0.902,7.5,1.0,
Q19A,-708.914,277.986,-69.234,0.694,0.691,147.2,434.1,147.7,0.861,-27.0,1.918,1.112,0.0,2.0,1.0,0.86,0.879,0.186,1.053,-0.679,0.0,4.6,1.0,0.833,0.845,1.918,1.112,0.0,2.0,1.0,0.86,0.879,-2.283,0.655,-0.585,2.0,0.0,0.843,0.86,-4.958,0.929,-2.751,0.0,-9.919,0.902,5.6,1.0,
Q19C,-708.888,278.674,-70.156,0.693,0.699,145.6,435.0,147.4,0.745,-27.0,1.91,1.088,0.0,2.0,1.0,0.881,0.862,0.216,1.084,-0.714,0.0,4.6,1.0,0.838,0.805,1.91,1.088,0.0,2.0,1.0,0.881,0.862,-2.244,0.661,-0.583,2.0,0.0,0.835,0.816,-4.88,0.914,-2.674,0.0,-9.758,0.905,5.6,1.0,
Q19S,-708.271,278.71,-70.281,0.698,0.69,144.5,436.0,148.2,0.784,-27.0,1.874,1.114,0.0,2.0,1.0,0.868,0.835,0.156,1.063,-0.728,0.0,4.7,1.0,0.836,0.808,1.874,1.114,0.0,2.0,1.0,0.868,0.835,-2.332,0.643,-0.59,2.0,0.0,0.896,0.917,-4.939,0.94,-2.801,0.0,-9.88,0.905,5.7,1.0,36.47097293
Q313R,-711.955,279.81,-72.742,0.698,0.69,145.0,440.9,148.9,0.741,-26.0,1.878,1.126,0.0,2.0,1.0,0.901,0.88,0.179,1.042,-0.664,0.0,4.6,1.0,0.801,0.793,1.878,1.126,0.0,2.0,1.0,0.901,0.88,-2.182,0.689,-0.544,2.0,0.0,0.896,0.889,-5.719,0.84,-3.674,0.0,-11.44,0.902,7.6,1.0,35.81800542
Q313R,-711.955,279.81,-72.742,0.698,0.69,145.0,440.9,148.9,0.741,-26.0,1.878,1.126,0.0,2.0,1.0,0.901,0.88,0.179,1.042,-0.664,0.0,4.6,1.0,0.801,0.793,1.878,1.126,0.0,2.0,1.0,0.901,0.88,-2.182,0.689,-0.544,2.0,0.0,0.896,0.889,-5.719,0.84,-3.674,0.0,-11.44,0.902,7.6,1.0,
Q384R,,,,,,,,,,,,,,,,,,,,,,,,,,,,,,,,,,,,,,,,,,,,,,,,
R240A,-710.385,277.099,-70.037,0.691,0.691,147.1,435.9,148.8,0.668,-28.0,1.907,1.117,0.0,2.0,1.0,0.851,0.845,0.334,1.025,-0.66,0.0,4.5,1.0,0.778,0.761,1.907,1.117,0.0,2.0,1.0,0.851,0.845,-2.126,0.685,-0.541,2.0,0.1,0.84,0.827,-5.514,0.853,-3.54,0.0,-11.028,0.925,7.5,1.0,39.87611457
R240D,-706.907,277.83,-70.596,0.694,0.691,148.5,436.2,150.4,0.649,-29.0,1.946,1.167,0.0,2.0,1.0,0.842,0.85,0.177,1.019,-0.761,0.0,4.8,1.0,0.841,0.815,1.946,1.167,0.0,2.0,1.0,0.842,0.85,-2.063,0.681,-0.543,2.0,0.0,0.856,0.855,-5.743,0.849,-3.809,0.0,-11.486,0.929,7.8,1.0,
R240E,-708.456,278.538,-69.962,0.704,0.696,147.6,435.9,148.5,0.726,-29.0,1.876,1.136,0.0,2.0,1.0,0.791,0.828,0.338,1.023,-0.646,0.0,4.5,1.0,0.712,0.719,1.876,1.136,0.0,2.0,1.0,0.791,0.828,-2.13,0.664,-0.548,2.0,0.2,0.883,0.881,-5.475,0.849,-3.524,0.0,-10.951,0.929,7.5,1.0,
R240K,-708.742,277.641,-69.686,0.691,0.688,146.8,435.9,148.0,0.705,-27.0,1.859,1.114,0.0,2.0,1.0,0.872,0.856,0.288,1.014,-0.672,0.0,4.5,1.0,0.78,0.76,1.859,1.114,0.0,2.0,1.0,0.872,0.856,-2.151,0.704,-0.54,2.0,0.2,0.863,0.851,-5.506,0.868,-3.597,0.0,-11.011,0.928,7.5,1.0,39.31426782
R76A,-711.967,277.346,-68.014,0.688,0.688,140.5,436.5,147.6,0.694,-28.0,1.85,1.071,0.0,2.0,1.0,0.808,0.843,0.53,1.078,-0.545,0.0,4.1,1.0,0.828,0.803,1.85,1.071,0.0,2.0,1.0,0.808,0.843,-2.16,0.687,-0.537,2.0,0.0,0.851,0.828,-5.501,0.872,-3.286,0.0,-11.002,0.901,7.1,1.0,
S14A,-710.982,279.306,-71.557,0.699,0.693,144.5,437.6,148.1,0.666,-27.0,1.901,1.146,0.0,2.0,1.0,0.833,0.804,0.113,1.091,-0.754,0.0,4.9,1.0,0.819,0.822,1.901,1.146,0.0,2.0,1.0,0.833,0.804,-2.087,0.704,-0.539,2.0,0.0,0.865,0.886,-5.936,0.861,-3.947,0.0,-11.871,0.902,7.9,1.0,40.01786873
S16A,-709.559,279.284,-70.314,0.693,0.692,146.7,437.5,148.2,0.72,-27.0,1.851,1.099,0.0,2.0,1.0,0.872,0.843,0.371,1.056,-0.62,0.0,4.4,1.0,0.802,0.772,1.851,1.099,0.0,2.0,1.0,0.872,0.843,-2.228,0.689,-0.547,2.0,0.0,0.891,0.872,-5.593,0.887,-3.52,0.0,-11.187,0.9,7.4,1.0,
S16A,-709.559,279.284,-70.314,0.693,0.692,146.7,437.5,148.2,0.72,-27.0,1.851,1.099,0.0,2.0,1.0,0.872,0.843,0.371,1.056,-0.62,0.0,4.4,1.0,0.802,0.772,1.851,1.099,0.0,2.0,1.0,0.872,0.843,-2.228,0.689,-0.547,2.0,0.0,0.891,0.872,-5.593,0.887,-3.52,0.0,-11.187,0.9,7.4,1.0,
S16N,-708.928,280.213,-71.051,0.7,0.692,147.4,437.7,148.7,0.714,-27.0,1.897,1.087,0.0,2.0,1.0,0.859,0.816,0.441,1.072,-0.528,0.0,4.0,1.0,0.861,0.82,1.897,1.087,0.0,2.0,1.0,0.859,0.816,-2.255,0.662,-0.553,2.0,0.0,0.892,0.873,-5.418,0.787,-3.231,0.0,-10.832,0.9,6.9,1.0,
S17A,-710.159,279.499,-70.609,0.696,0.694,147.1,436.5,148.5,0.757,-27.0,1.857,1.093,0.0,2.0,1.0,0.831,0.832,0.368,1.087,-0.611,0.0,4.4,1.0,0.812,0.8,1.857,1.093,0.0,2.0,1.0,0.831,0.832,-2.133,0.706,-0.531,2.0,0.0,0.797,0.845,-5.56,0.891,-3.489,0.0,-11.121,0.899,7.4,1.0,41.64904222
S17E,-690.846,287.922,-67.845,0.7,0.697,148.2,433.2,146.9,0.684,-28.0,1.79,1.09,0.0,2.0,1.0,0.899,0.917,0.227,1.06,-0.653,0.0,4.5,1.0,0.835,0.831,1.79,1.09,0.0,2.0,1.0,0.899,0.917,-2.269,0.661,-0.565,2.0,0.0,0.936,0.941,-5.684,0.85,-3.645,0.0,-11.371,0.901,7.5,1.0,39.42989154
S298E,-712.498,278.824,-72.682,0.698,0.687,147.4,438.2,149.8,0.749,-28.0,1.899,1.135,0.0,2.0,1.0,0.778,0.803,0.161,1.02,-0.744,0.0,4.8,1.0,0.666,0.681,1.899,1.135,0.0,2.0,1.0,0.778,0.803,-2.124,0.681,-0.547,2.0,0.2,0.829,0.868,-5.774,0.853,-3.886,0.0,-11.548,0.928,7.8,1.0,39.56683791
S331A,-710.333,279.762,-71.538,0.7,0.692,145.1,437.2,149.2,0.702,-27.0,1.824,1.063,0.0,2.0,1.0,0.804,0.815,0.376,1.067,-0.605,0.0,4.3,1.0,0.786,0.742,1.824,1.063,0.0,2.0,1.0,0.804,0.815,-2.212,0.704,-0.546,2.0,0.0,0.831,0.879,-5.524,0.876,-3.454,0.0,-11.049,0.9,7.3,1.0,38.95957149
S400A,-711.803,279.19,-71.658,0.7,0.689,144.6,439.1,150.5,0.819,-27.0,1.875,1.055,0.0,2.0,1.0,0.891,0.89,0.174,1.086,-0.701,0.0,4.7,1.0,0.881,0.836,1.875,1.055,0.0,2.0,1.0,0.891,0.89,-2.168,0.677,-0.543,2.0,0.0,0.896,0.926,-5.728,0.831,-3.686,0.0,-11.456,0.902,7.7,1.0,39.80689539
T15A,-708.292,278.608,-71.0,0.697,0.691,145.3,438.5,147.8,0.662,-27.0,1.914,1.142,0.0,2.0,1.0,0.845,0.847,0.213,1.063,-0.683,0.0,4.7,1.0,0.834,0.832,1.914,1.142,0.0,2.0,1.0,0.845,0.847,-2.125,0.715,-0.534,2.0,0.0,0.933,0.9,-5.717,0.892,-3.723,0.0,-11.437,0.901,7.7,1.0,38.69692256
T175R,-709.7,280.307,-71.158,0.701,0.695,145.3,438.4,150.4,0.715,-26.0,1.891,1.127,0.0,2.0,1.0,0.843,0.839,0.267,1.091,-0.655,0.0,4.6,1.0,0.787,0.792,1.891,1.127,0.0,2.0,1.0,0.843,0.839,-2.189,0.716,-0.535,2.0,0.0,0.822,0.838,-5.683,0.887,-3.651,0.0,-11.368,0.903,7.6,1.0,37.82697936
T218A,-712.566,276.262,-70.044,0.698,0.695,144.6,437.5,148.6,0.706,-27.0,1.596,0.851,0.0,2.0,0.9,0.789,0.84,-0.138,0.896,-0.687,0.0,4.6,1.0,0.766,0.742,1.596,0.851,0.0,2.0,0.9,0.789,0.84,-2.132,0.719,-0.533,2.0,0.0,0.874,0.827,-5.848,0.973,-3.703,0.0,-11.695,0.905,7.6,1.0,40.04565324
T296A,-707.61,279.601,-72.0,0.697,0.7,147.0,437.6,149.4,0.681,-27.0,1.896,1.127,0.0,2.0,1.0,0.854,0.816,0.223,1.088,-0.69,0.0,4.7,1.0,0.769,0.769,1.896,1.127,0.0,2.0,1.0,0.854,0.816,-2.084,0.679,-0.546,2.0,0.0,0.861,0.868,-5.703,0.864,-3.68,0.0,-11.406,0.9,7.7,1.0,
T352A,-711.451,278.321,-70.854,0.693,0.695,145.8,437.1,148.8,0.698,-27.0,1.663,1.01,0.0,2.0,1.0,0.861,0.823,0.377,1.091,-0.604,0.0,4.4,1.0,0.807,0.766,1.663,1.01,0.0,2.0,1.0,0.861,0.823,-2.181,0.703,-0.55,2.0,0.0,0.868,0.859,-5.555,0.88,-3.46,0.0,-11.112,0.9,7.4,1.0,38.02706561
V147S,-706.923,279.041,-71.657,0.699,0.693,144.3,438.6,148.9,0.645,-27.0,1.879,1.134,0.0,2.0,1.0,0.839,0.845,0.238,1.072,-0.663,0.0,4.6,1.0,0.732,0.792,1.879,1.134,0.0,2.0,1.0,0.839,0.845,-2.163,0.687,-0.542,2.0,0.0,0.87,0.903,-5.683,0.85,-3.633,0.0,-11.364,0.904,7.6,1.0,
V52G,-713.476,277.495,-72.078,0.696,0.692,144.0,438.7,148.6,0.66,-27.0,1.861,1.144,0.0,2.0,1.0,0.825,0.834,0.238,1.086,-0.665,0.0,4.6,1.0,0.82,0.835,1.861,1.144,0.0,2.0,1.0,0.825,0.834,-2.151,0.679,-0.545,2.0,0.0,0.86,0.903,-5.721,0.857,-3.661,0.0,-11.442,0.901,7.6,1.0,39.20629853
W120A,-707.073,273.434,-70.553,0.688,0.687,149.2,437.3,148.0,0.903,-27.0,1.822,1.057,0.0,2.0,1.0,0.842,0.853,0.509,0.834,-0.685,0.0,4.7,1.0,0.725,0.756,1.822,1.057,0.0,2.0,1.0,0.842,0.853,-2.235,0.63,-0.563,2.0,0.0,0.8,0.89,-5.037,0.757,-3.227,0.0,-10.076,0.9,7.1,1.0,
W120F,-710.204,276.069,-69.847,0.695,0.691,146.7,436.2,150.2,0.704,-27.0,1.844,1.035,0.0,2.0,1.0,0.832,0.857,0.42,0.917,-0.528,0.0,4.0,1.0,0.764,0.793,1.844,1.035,0.0,2.0,1.0,0.832,0.857,-2.222,0.662,-0.536,2.0,0.0,0.917,0.907,-4.776,0.839,-2.959,0.0,-9.548,0.907,6.4,1.0,41.51052689
W120H,-709.177,274.611,-69.788,0.693,0.688,151.6,437.4,147.5,0.898,-27.0,1.884,1.077,0.0,2.0,1.0,0.845,0.849,0.466,1.004,-0.584,0.0,4.8,1.0,0.78,0.771,1.884,1.077,0.0,2.0,1.0,0.845,0.849,-2.216,0.636,-0.539,2.0,0.0,0.832,0.858,-4.859,0.776,-2.946,0.0,-9.72,0.907,6.8,1.0,39.88839454
W325A,-708.178,277.629,-71.774,0.702,0.7,143.3,439.2,146.3,0.637,-27.0,1.854,1.106,0.0,2.0,1.0,0.914,0.887,0.307,1.084,-0.676,0.0,4.7,1.0,0.768,0.695,1.854,1.106,0.0,2.0,1.0,0.914,0.887,-1.374,0.581,-0.515,2.0,0.0,0.925,0.879,-5.19,0.787,-3.742,0.0,-10.378,0.863,7.7,0.0,40.1882422
W325C,-707.013,278.409,-71.579,0.698,0.692,143.2,438.9,147.3,0.591,-27.0,1.887,1.137,0.0,2.0,1.0,0.74,0.833,0.236,1.052,-0.671,0.0,4.6,1.0,0.78,0.784,1.887,1.137,0.0,2.0,1.0,0.74,0.833,-1.397,0.535,-0.531,2.0,0.0,0.849,0.858,-5.14,0.736,-3.643,0.0,-10.277,0.862,7.6,0.0,39.18184169
W325G,-706.105,277.705,-71.321,0.708,0.695,143.4,438.4,146.9,0.642,-27.0,1.847,1.11,0.0,2.0,1.0,0.857,0.895,0.315,1.082,-0.632,0.0,4.5,1.0,0.764,0.768,1.847,1.11,0.0,2.0,1.0,0.857,0.895,-1.345,0.555,-0.523,2.0,0.0,0.871,0.851,-5.096,0.76,-3.6,0.0,-10.194,0.86,7.5,0.1,
W325H,-708.053,277.173,-71.429,0.703,0.699,144.2,438.6,147.9,0.753,-27.0,1.882,1.109,0.0,2.0,1.0,0.875,0.884,0.313,1.062,-0.627,0.0,4.5,1.0,0.758,0.777,1.882,1.109,0.0,2.0,1.0,0.875,0.884,-1.789,0.561,-0.532,2.0,0.0,0.882,0.884,-5.302,0.777,-3.641,0.0,-10.603,0.894,7.5,1.0,
W325L,-709.296,278.606,-72.846,0.7,0.692,143.4,439.7,148.6,0.734,-27.0,1.896,1.137,0.0,2.0,1.0,0.886,0.898,0.149,1.084,-0.753,0.0,4.8,1.0,0.78,0.752,1.896,1.137,0.0,2.0,1.0,0.886,0.898,-1.659,0.578,-0.528,2.0,0.0,0.839,0.894,-5.24,0.759,-3.78,0.0,-10.478,0.884,7.8,0.0,
W325L,-709.296,278.606,-72.846,0.7,0.692,143.4,439.7,148.6,0.734,-27.0,1.896,1.137,0.0,2.0,1.0,0.886,0.898,0.149,1.084,-0.753,0.0,4.8,1.0,0.78,0.752,1.896,1.137,0.0,2.0,1.0,0.886,0.898,-1.659,0.578,-0.528,2.0,0.0,0.839,0.894,-5.24,0.759,-3.78,0.0,-10.478,0.884,7.8,0.0,
W325R,-709.602,278.762,-72.795,0.695,0.694,146.0,440.0,148.6,0.678,-26.0,1.831,1.097,0.0,2.0,1.0,0.875,0.912,0.284,1.055,-0.656,0.0,4.6,1.0,0.749,0.752,1.831,1.097,0.0,2.0,1.0,0.875,0.912,-1.685,0.566,-0.53,2.0,0.0,0.827,0.814,-6.272,0.907,-3.99,0.0,-12.542,0.912,8.6,1.0,39.87379178
W34A,-705.28,275.84,-72.041,0.688,0.681,143.4,438.6,145.4,0.72,-27.0,1.901,1.122,0.0,2.0,1.0,0.837,0.867,0.198,1.059,-0.667,0.0,4.7,1.0,0.817,0.793,1.901,1.122,0.0,2.0,1.0,0.837,0.867,-2.185,0.669,-0.55,2.0,0.0,0.887,0.887,-6.11,0.803,-3.875,0.0,-12.223,0.903,7.7,1.0,
W399A,-707.07,277.202,-70.116,0.689,0.685,142.8,437.0,145.8,0.69,-27.0,2.045,1.062,0.0,2.0,1.0,0.795,0.812,0.214,1.049,-0.653,0.0,4.4,1.0,0.793,0.821,2.045,1.062,0.0,2.0,1.0,0.795,0.812,-2.075,0.75,-0.556,2.0,0.0,0.908,0.905,-5.466,0.59,-3.38,0.0,-10.937,0.882,7.3,1.0,
W399C,-706.929,277.501,-70.524,0.69,0.688,142.6,436.7,146.4,0.69,-27.0,2.074,1.055,0.0,2.0,1.0,0.837,0.839,0.07,1.067,-0.734,0.0,4.7,1.0,0.795,0.788,2.074,1.055,0.0,2.0,1.0,0.837,0.839,-2.082,0.783,-0.559,2.0,0.0,0.849,0.895,-5.672,0.641,-3.636,0.0,-11.348,0.9,7.7,1.0,
W399C,-706.929,277.501,-70.524,0.69,0.688,142.6,436.7,146.4,0.69,-27.0,2.074,1.055,0.0,2.0,1.0,0.837,0.839,0.07,1.067,-0.734,0.0,4.7,1.0,0.795,0.788,2.074,1.055,0.0,2.0,1.0,0.837,0.839,-2.082,0.783,-0.559,2.0,0.0,0.849,0.895,-5.672,0.641,-3.636,0.0,-11.348,0.9,7.7,1.0,
W399G,-706.9,275.665,-69.992,0.692,0.684,143.4,436.4,143.4,0.819,-27.0,2.146,0.953,0.0,2.0,1.0,0.886,0.857,0.125,1.054,-0.668,0.0,4.5,1.0,0.758,0.743,2.146,0.953,0.0,2.0,1.0,0.886,0.857,-2.074,0.717,-0.564,2.0,0.0,0.871,0.889,-5.595,0.633,-3.535,0.0,-11.188,0.877,7.4,1.0,
W399R,-700.668,281.852,-72.161,0.687,0.686,143.7,441.4,147.5,0.739,-26.0,1.212,1.315,-0.666,3.4,1.0,0.827,0.813,0.09,1.105,-0.683,0.0,5.0,1.0,0.734,0.748,1.212,1.315,-0.666,3.4,1.0,0.827,0.813,-1.947,0.812,-0.541,2.0,0.0,0.861,0.847,-5.125,0.701,-3.623,0.0,-10.252,0.897,8.3,1.0,
W399S,-706.962,277.722,-71.929,0.692,0.686,144.3,438.1,146.6,0.679,-27.0,2.176,1.086,0.0,2.0,1.0,0.842,0.832,0.109,1.062,-0.693,0.0,4.6,1.0,0.806,0.782,2.176,1.086,0.0,2.0,1.0,0.842,0.832,-2.594,0.779,-1.213,3.0,0.0,0.838,0.863,-5.529,0.586,-3.509,0.0,-11.059,0.883,7.4,1.0,
W399S,-706.962,277.722,-71.929,0.692,0.686,144.3,438.1,146.6,0.679,-27.0,2.176,1.086,0.0,2.0,1.0,0.842,0.832,0.109,1.062,-0.693,0.0,4.6,1.0,0.806,0.782,2.176,1.086,0.0,2.0,1.0,0.842,0.832,-2.594,0.779,-1.213,3.0,0.0,0.838,0.863,-5.529,0.586,-3.509,0.0,-11.059,0.883,7.4,1.0,
W407A,-701.702,276.314,-68.291,0.685,0.683,146.8,434.6,147.0,0.961,-27.0,1.853,1.063,0.0,2.0,1.0,0.888,0.882,0.24,1.057,-0.7,0.0,4.7,1.0,0.841,0.802,1.853,1.063,0.0,2.0,1.0,0.888,0.882,-2.337,0.618,-0.619,2.0,0.0,0.937,0.912,-4.506,0.825,-2.415,0.0,-9.019,0.906,5.5,1.0,
W407G,-703.422,275.042,-68.099,0.682,0.681,147.0,434.0,148.6,0.956,-27.0,1.851,1.084,0.0,2.0,1.0,0.827,0.811,0.35,1.028,-0.596,0.0,4.3,1.0,0.763,0.723,1.851,1.084,0.0,2.0,1.0,0.827,0.811,-2.332,0.621,-0.597,2.0,0.0,0.889,0.908,-4.359,0.862,-2.268,0.0,-8.721,0.893,5.3,1.0,
W407Q,-703.208,277.786,-69.447,0.687,0.686,146.9,436.4,148.3,0.717,-27.0,1.801,1.091,0.0,2.0,1.0,0.901,0.892,0.478,1.148,-0.581,0.0,4.4,1.0,0.725,0.745,1.801,1.091,0.0,2.0,1.0,0.901,0.892,-2.337,0.607,-0.598,2.0,0.0,0.88,0.895,-4.769,0.833,-2.705,0.0,-9.535,0.903,5.9,1.0,
W407Q,-703.208,277.786,-69.447,0.687,0.686,146.9,436.4,148.3,0.717,-27.0,1.801,1.091,0.0,2.0,1.0,0.901,0.892,0.478,1.148,-0.581,0.0,4.4,1.0,0.725,0.745,1.801,1.091,0.0,2.0,1.0,0.901,0.892,-2.337,0.607,-0.598,2.0,0.0,0.88,0.895,-4.769,0.833,-2.705,0.0,-9.535,0.903,5.9,1.0,
W407R,-706.918,276.349,-70.524,0.693,0.689,149.7,437.1,148.7,0.699,-26.0,1.847,1.135,0.0,2.0,1.0,0.903,0.896,0.267,1.118,-0.63,0.0,4.5,1.0,0.857,0.853,1.847,1.135,0.0,2.0,1.0,0.903,0.896,-2.276,0.637,-0.589,2.0,0.0,0.869,0.872,-5.261,0.778,-3.148,0.0,-10.522,0.902,6.5,1.0,
W409A,-709.708,278.159,-71.924,0.703,0.696,146.1,438.8,148.3,0.783,-27.0,1.935,1.106,0.0,2.0,1.0,0.81,0.84,0.22,1.078,-0.673,0.0,4.6,1.0,0.714,0.751,1.935,1.106,0.0,2.0,1.0,0.81,0.84,-2.183,0.707,-0.549,2.0,0.0,0.855,0.883,-5.443,0.858,-3.691,0.0,-10.886,0.854,7.6,1.0,
W409Y,-711.139,278.975,-71.674,0.697,0.69,144.7,438.4,148.5,0.723,-27.0,1.888,1.089,0.0,2.0,1.0,0.801,0.812,0.356,1.087,-0.608,0.0,4.4,1.0,0.803,0.766,1.888,1.089,0.0,2.0,1.0,0.801,0.812,-2.181,0.705,-0.54,2.0,0.0,0.879,0.889,-5.326,0.841,-3.509,0.0,-10.653,0.889,7.4,1.0,36.61492149
WT,,,,,,,,,,,,,,,,,,,,,,,,,,,,,,,,,,,,,,,,,,,,,,,,39.9559314
Y166P,-709.05,280.653,-72.695,0.697,0.692,145.7,440.7,149.6,0.728,-27.0,1.915,1.128,0.0,2.0,1.0,0.868,0.884,-0.002,1.307,-0.781,0.0,4.9,1.0,0.729,0.714,1.915,1.128,0.0,2.0,1.0,0.868,0.884,-2.151,0.682,-0.561,2.0,0.0,0.791,0.797,-5.749,0.883,-3.783,0.0,-11.5,0.905,7.9,1.0,
Y18A,-706.465,277.826,-71.282,0.685,0.683,144.8,435.9,147.7,0.668,-27.0,1.903,1.119,0.0,2.0,1.0,0.853,0.887,0.218,1.069,-0.674,0.0,4.7,1.0,0.814,0.797,1.903,1.119,0.0,2.0,1.0,0.853,0.887,-2.216,0.683,-0.54,2.0,0.0,0.883,0.846,-5.702,0.84,-3.674,0.0,-11.403,0.903,7.7,1.0,37.17290318
Y294A,-710.902,276.746,-72.451,0.694,0.69,142.4,438.1,148.6,0.81,-27.0,1.918,1.107,0.0,2.0,1.0,0.839,0.846,0.108,1.064,-0.71,0.0,4.8,1.0,0.824,0.84,1.918,1.107,0.0,2.0,1.0,0.839,0.846,-1.698,0.556,-0.593,2.0,0.0,0.789,0.794,-5.882,0.839,-3.848,0.0,-11.765,0.903,7.8,1.0,39.99976639
Y294F,-710.819,279.601,-71.388,0.696,0.694,145.2,438.3,148.9,0.655,-27.0,1.86,1.114,0.0,2.0,1.0,0.846,0.856,0.19,1.104,-0.706,0.0,4.8,1.0,0.834,0.788,1.86,1.114,0.0,2.0,1.0,0.846,0.856,-2.238,0.671,-0.542,2.0,0.0,0.899,0.874,-5.69,0.897,-3.715,0.0,-11.382,0.905,7.7,1.0,
Y294F,-710.819,279.601,-71.388,0.696,0.694,145.2,438.3,148.9,0.655,-27.0,1.86,1.114,0.0,2.0,1.0,0.846,0.856,0.19,1.104,-0.706,0.0,4.8,1.0,0.834,0.788,1.86,1.114,0.0,2.0,1.0,0.846,0.856,-2.238,0.671,-0.542,2.0,0.0,0.899,0.874,-5.69,0.897,-3.715,0.0,-11.382,0.905,7.7,1.0,
Y295A,,,,,,,,,,,,,,,,,,,,,,,,,,,,,,,,,,,,,,,,,,,,,,,,
Y295G,,,,,,,,,,,,,,,,,,,,,,,,,,,,,,,,,,,,,,,,,,,,,,,,
